Angielski,Polski,Frequency,BadlyAnswer
peers,rowiesnicy,8,0
releases,wydania,8,2
nastiest,najgorszy,8,1
tend,mieć skłonności,8,1
wholesale,hurt,8,1
assemble,gromadzić się,8,0
torn out,wyrwane,8,3
rubble out,gruz na zewnątrz,8,2
correctness,poprawność,8,0
incremental,przyrostowe,9,4
breed,rasa,9,3
industry,przemysł,8,0
coverage,zasięg,8,6
backwardness,zacofanie,8,0
wringer,wyżymaczka,8,0
accused,oskarżony,8,4
gradually,stopniowo,8,4
fairly,raczej,8,4
subconsciously,podświadomie,8,1
Compound,pogarszać,8,2
handrail,poręcz,8,3
substantial,istotny,8,3
purely,całkowicie/wyłącznie,8,4
sophisticated,wyrafinowany,8,2
approach,zbliżać się,8,2
delighted,zachwycony,8,0
vague,niejasny,8,2
seriousness,powaga,8,5
vaguer,mglisty,8,4
shelved,na półce,8,0
lead,prowadzić,8,0
shelving,reagły,8,1
inhibits,hamuje,8,2
dared,odważył się,8,2
blithely,beztrosko,8,0
plowed,zaorany,9,5
forward,naprzód,8,0
bagel,obważanek,8,1
hire,wynajmować,8,2
exponentially,wykładniczo,8,1
unforeseen,nieprzewidziany,8,1
frequently,często,8,1
Arbitrarily,dowolnie,8,0
awaited,oczekiwany,8,0
sampling,próbowanie,8,1
rely,polegać,8,2
revenue,przychód,8,0
ongoing,bieżący,8,6
fees,opłaty,8,3
deliberately,celowo,8,0
reluctant,niechętny,8,2
retailer,detalista,8,4
comprehensive,wyczerpujący,8,2
bandwidth,pasmo,8,4
existence,istnienie,8,1
cranky,zepsuty,8,0
bachelor,kawaler,8,1
ordinarily,zwykle,8,0
thrive,prosperować,8,6
conundrum,zagadka,8,6
audacious,zuchwały,8,5
fragile,kruchy,8,2
tentative,niepewny,8,2
obstacle,przeszkoda,8,3
attainable,osiągalny,8,2
dialup,wykręcić numer,8,3
merely,zaledwie,8,1
themselves,sobie,8,2
liberating,wyzwalający,8,5
feared,przestraszony,8,0
constrain,wymusić,9,4
genie,dżin,8,1
wishful,pragnący,8,8
hampered,skrępowany,8,1
flourished,rozkwitł,8,2
magnifies,powiększa,8,1
associate,współpracownik,8,6
elbows,łokcie,8,0
bearable,znośny,8,2
straightforward,bezpośrednio,8,1
lameness,kalectwo,8,4
convenient,wygodny,8,2
proliferate,rozmnażać się,8,6
tweak,dostrajać,8,5
convergence,zbieżność,8,0
amused,rozbawiony,8,9
snore,chrapać,8,3
frugality,oszczędność,9,7
complacent,zadowolony z siebie,8,3
presumably,prawdopodobnie,9,0
disparage,deprecjonować,8,4
intimidated,onieśmielony,8,4
shelf,półka,8,0
retail,sprzedaż,8,3
grovel,czołgać się,8,0
appeared,pojawił się,8,2
venture,przedsięwzięcie,8,3
redundant,zbędny,8,1
pitcher,zawodnik rzucający piłką,8,2
inevitably,nieuchronnie,8,3
laundry,pranie,8,1
brief,krótki,8,0
sketch,naszkicować,8,4
envelope,powłoka,8,6
wiggle,poruszaj,8,4
leisure,wypoczynek,8,4
wealth,bogactwo,8,0
endure,wytrzymać,8,4
penny,grosz,8,4
salary,pensja,8,0
bulk,ogrom,8,0
discount,zniżka,8,1
evade,uchylać się,8,1
outliers,odstające,8,2
blunders,błędy,8,1
no doubt,bez wątpienia,9,1
leverage,wpływ,8,0
bold,śmiały,8,0
promptly,natychmiast,8,2
plenty,dużo,8,1
extortion,wymuszenie,8,5
graft,łapówka,8,3
lobbying,wywieranie nacisku,8,5
counterfeiting,fałszowanie,8,6
comparatively,stosunkowo,8,2
interchangeable,wymienny,8,2
violins,skrzypce,8,0
obscure,niejasny,8,4
fallacy,przesąd,8,0
retain,zachować,8,4
disprove,obalić,8,5
adulthood,wiek dojrzały,8,0
astray,zabłąkany,8,3
pristine,dziewiczy,8,2
consider,rozważać,8,1
distinct,odmienny/wyraźny,8,4
inferior,gorszy,8,6
proverbial,przysłowiowy,8,2
ashtrays,popielniczki,8,3
craftsmen,rzemieślnicy,8,0
grasp,zrozumieć/pojąć,9,8
rise,wzrastać,8,2
valuable,cenny,8,4
confuse,pomylić,8,6
mailroom,poczta,8,0
estimating,doceniający,8,5
mediocre,przeciętny/mierny,8,3
sink,zatonąć,8,2
excuses,wymówka,8,0
injustice,niesprawiedliwość,8,1
such,taki,8,1
similarities,podobieństwa,8,0
underlying,zasadniczy,8,6
concealed,ukryty,8,5
averaged,uśredniony,8,1
indirect,pośredni,8,2
afflicting,trapiący,8,5
assigning,przypisywanie,9,0
predictable,możliwy do przewidzenia,8,0
incompetent,niekompetentny,8,2
devoted,oddany,8,4
chugging,sapanie,8,4
maintaining,utrzymywanie,8,0
measuring,zmierzenie,8,0
besides,oprócz,8,0
held,trzymany,8,1
solid,stały,8,2
effort,wysiłek,8,0
enormously,ogromnie,8,0
tangled,zaplątany,8,0
reliable,niezawodny,9,2
effect,wpływ,8,1
piecework,praca akordowa,8,0
sweatshop,warsztat,8,3
accordingly,odpowiednio,8,0
scope,zakres,8,0
gross,obrzydliwy,8,4
hedge,żywopłot,8,7
failure,awaria,8,0
smallness,małostkowość,8,0
accurately,dokładnie,8,1
viable,wykonalny,8,4
thus,zatem,8,0
galley,statek,9,3
rowers,wioślarze,8,0
encouraged,zachęcał,8,1
unorthodox,nie ortodoksyjny,8,2
guide,przewodnik,8,0
thumb,kciuk,8,0
nimble,zwinny,8,3
chased,ścigany,8,5
disadvantage,niekorzyść,8,0
sought,poszukiwany,8,4
guerillas,partyzanci,8,6
terrain,teren,8,0
troops,wojsko,8,2
competitors,konkurenci,8,1
pursuers,prześladowcy,8,4
clout,klaps,8,3
violate,naruszać,8,1
sue,pozwać,8,0
invented,wynaleziony,8,2
litigation,spór,8,4
interminable,nie kończący się,8,6
clueless,bezradny,8,3
payoff,opłacać się,8,1
genuinely,prawdziwie,8,2
slightly,nieznacznie,8,2
mosquito,komar,8,0
consolation,pocieszenie,8,2
sine,sinus,8,0
reassure,uspokajać,8,4
comically,uciesznie,8,1
eager,chętny,8,0
bargains,okazje,8,2
acquire,nabywać,8,5
overpay,przepłacać,8,0
cruising,rejs,8,6
altitude,wysokość,8,7
financially,materialnie,8,7
wiser,mądrzejszy,8,6
diversify,urozmaicać,8,5
intend,zamierzać,8,1
techno-weenies,nieefektywny/nerd,8,0
treat,leczyć,9,0
impresses,imponuje,8,0
adept,biegły,8,2
pitfall,pułapka,8,0
premature,przedwczesny,8,1
principle,zasada,8,0
dread,strach,8,6
afford,pozwalać,8,2
burnt,spalony,8,0
slaves,niewolnicy,8,0
serfs,chłopi pańszczyźniani,8,6
conquest,podbój,8,5
accumulate,gromadzić,9,0
henchmen,"fanatyk, ktory sie poswieci",8,0
withstand,wytrzymać,8,7
incentive,zachęta,8,5
sufficient,wystarczający,8,3
forbid,zakazać,8,0
perspiration,pot,8,7
mundane,przyziemny,8,3
bulbs,żarówki,8,0
semiconductors,półprzewodniki,8,0
entrepreneurs,przedsiębiorcy,8,1
superior,znakomity,8,3
rode,jechał,8,0
crest,herb,8,0
led,prowadzony,8,1
ruling,rządzący,8,0
mind the gap,uważaj na lukę,8,0
contemporaries,współcześni,8,0
surpass,przewyższać,9,5
misleading,zwodniczy,8,0
disreputable,haniebny,9,2
sockets,gniazda,8,0
circumstances,okoliczności,8,2
granary,spichlerz,8,3
quantity,ilość,8,0
vestigial,szczątkowy,8,6
domestic,domowy,8,0
sibling,rodzeństwo,8,3
desire,pragnienie,8,5
vary,różnią się,8,0
solicit,zabiegać,8,5
bribes,łapówki,8,7
establish,ustalić,8,3
editorials,artykuły redakcyjne,8,0
apparently,widocznie,8,6
turnaround,obróć się,8,0
regardless,mimo wszystko,8,0
committee,komisja,8,3
poetry,poezja,8,0
underpaid,niedopłacony,9,0
unjust,niesprawiedliwy,8,4
lamentable,opłakany,8,3
steamed,gotowane na parze,8,6
agricultural,rolniczy,8,0
distributed,rozpowszechniane,8,1
ruler,władca,8,1
appropriate,odpowiednio,8,0
neither rich nor poor,"ani bogaty, ani biedny",8,0
independence,niezależność,8,0
derived,pochodny,8,3
vanity,próżność,8,2
greed,chciwość,8,4
courtier,dworzanin,9,3
industrialist,przemysłowiec,8,0
suspicious,podejrzany,8,3
undergraduates,studenci,8,2
unconsciously,bezwiednie,8,5
preserved,zachowane,8,1
eminent,wybitny,8,1
apparent,pozorny,8,7
misquotation,błędny cytat,8,3
coincidence,zbieg okoliczności,8,3
sliding,przesuwny,8,3
mowing,kośba,8,6
scooping,nabieranie,9,7
vividly,żywo/mocno,8,0
within,warsztat,8,8
no such,nie ma takiego,8,0
polynomial,wielomian,8,0
decrease,zmniejszać,9,3
wore,nosił,9,1
elaborately,wyszukanie,8,1
carriages,powozy,8,1
more like,bardziej jak,8,0
advertise,reklamować,8,0
inconvenience,niedogodność,8,2
precisely,dokładnie,8,0
residue,pozostałość,8,3
substantive,niezależny,8,2
evaporate,odparować,8,3
carriage,wagon,9,3
volumes,wolumeny,8,0
idleness,bezczynność,8,0
distinctions,wyróżnienia,8,1
mistress,kochanka,8,5
relinquish,porzucić,8,3
predicted,przewidywany,8,1
axiom,aksjomat,8,1
serfdom,poddaństwo,8,4
clerk,urzędnik,9,0
thrall,niewolnik,8,2
unedifying,nie budujący,8,1
any doubt,żadnych wątpliwości,8,2
suppress,stłumić,8,1
arguably,prawdopodobnie,8,6
immoral,niemoralny,8,0
poverty,ubóstwo,8,3
heel,obcas,8,1
circumvent,przechytrzyć,8,6
recipient,odbiorca,8,0
recognizable,rozpoznawalny,8,0
hired,zatrudniony,8,0
gall,tupet,8,2
magnitude,znaczenie,8,1
corpus,ciało,8,1
bias,stronniczość,8,5
distinguish,wyróżnić,8,1
arises,powstaje,8,3
frankly,szczerze mówiąc,8,7
ambiguity,niejasność,8,7
moreover,ponadto,8,3
advocating,popieranie,8,5
advocate,adwokat,8,0
stringently,surowo,8,2
strain,napięcie/filtrować,9,6
resistant,odporny,8,3
indistinguishable,nie do odróżnienia,8,2
severely,surowo,8,3
so - called,tak zwane,8,1
opt - in,zdecydowac,9,3
conceal,ukryć,8,2
hijack,uprowadzać,8,1
whittle,zredukować,8,3
boilerplate,płyta kotłowa,8,3
abominably,wstrętnie,8,4
dilute,rozcieńczać/osłabiać,8,7
pitches,intensywność,8,5
astonishingly,zdumiewająco,8,1
credulous,łatwowierny,8,3
denial,odmowa,8,0
undertake,podjąć,8,7
inundated,zalany,9,3
overlap,zachodzić na siebie,8,4
blathered,bełkotał,8,2
tangle,splot,8,2
unexamined,niezbadane,8,1
bickering,sprzeczka,8,5
contradicts,zaprzecza,8,5
disputes,sprzeczanie się,8,5
hamper,utrudniać,8,3
crop up,pojawić się,8,4
profusion,obfitość,9,8
observed,zauważony,8,3
lace collar,koronkowy kołnierzyk,8,0
emphasize,podkreślić,8,5
simplicity,prostota,8,1
pompous,napuszony/protensjonalny,8,9
swooshes,szumi,8,6
timeless,ponadczasowy,8,0
timelessness,bezczasowość,8,0
engraver,grawer,8,0
comparison,porównanie,8,1
appeal,odwołanie,9,4
derive,czerpać,8,1
merit,zasługa,8,1
stove,kuchenka,8,1
burners,palniki,8,2
misguided,błędny,8,0
vogue,moda,8,0
pure,czysty,8,2
legibility,czytelność,8,5
dials,tarcze,8,4
intractable,trudny,8,3
reconciling,pojednanie,8,8
envision,wyobraź sobie,8,3
considered,uważany za,8,0
rough,surowy,8,0
engravings,ryciny,8,4
incompleteness,niekompletność,8,1
shrug,wzruszać ramionami,8,1
misfortunes,nieszczęścia,8,1
wounded,ranny,8,7
prerogative,przywilej,8,5
oneself,się/sobie,8,1
swallows,jaskółki,8,0
ditto,tak samo,8,0
toss,podrzucenie,8,2
unnecessary,niepotrzebne,8,1
aside,na boku,8,0
fickle,zmienny,8,4
unreliable,niewiarygodne,8,5
satisfy,usatysfakcjonować,8,0
branch,gałąź,8,0
spare,zapasowy,8,4
demand,żądanie,8,1
unconscious,nieświadomy,8,0
spinal,rdzeniowy,8,2
hesitant,niezdecydowany,8,5
conscious,świadomy,8,3
repetition,powtórzenie,8,0
veins,żyły/słojowanie,9,5
leaf,liść,8,0
premise,przesłanka,8,0
striking,uderzający,8,4
substitute,zastąpić,8,1
resembles,przypomina,8,3
deny,zaprzeczyć,8,2
misunderstood,niezrozumiany,8,0
chew on,żuć,8,2
spines,kolce,8,0
ribs,żebra,8,0
ribcage,klatka piersiowa,8,2
unmanned,bezzałogowy,8,0
reconnaissance,rozpoznawczy,8,2
redesign,przeprojektowanie,8,0
confidence,zaufanie,8,5
redo,przerobić,8,3
convince,przekonać,8,1
treating,leczący,8,0
disasters,katastrofy,8,2
blended,mieszany,8,2
overpainted,zamalowany,9,3
attitudes,postawy,8,0
novice,nowicjusz,8,0
pervaded,przeniknięty,8,1
selflessness,bezinteresowność,8,1
uncanny,niesamowity,8,2
miraculous,cudowny,8,3
distinctive,charakterystyczny,8,6
strangeness,osobliwość,8,7
chunks,kawałki,8,0
inhabitants,mieszkańcy,8,5
assume,przypuszczać,8,2
inborn,wrodzony,8,0
ruled,rządził,8,1
greeted,przywitany,8,0
related,związane z,8,0
disproportionately,nieproporcjonalnie,8,0
daring,śmiały,8,1
remarkable,niezwykły,8,4
afflicts,boli,8,6
secular,świecki,8,2
repented,żałował,8,7
wisdom,mądrość,8,1
intolerance,nietolerancja,9,0
gratify,zaspokoić,8,3
labor,rodzić,8,2
spreadsheet,arkusz,8,0
agreement,umowa,8,2
advocates,adwokaci,9,0
substantially,w zasadzie,8,4
awkward,niezręczny,8,0
intrinsically,wewnętrznie,8,2
merits,zasługi,8,1
skewed,przechylony,8,0
differ,różnić się,8,0
fabulously,bajecznie,8,0
backward,do tyłu,8,2
misuse,nadużywanie,8,3
seat belts,pasy bezpieczeństwa,9,0
handcuffs,kajdany,8,1
permissive,dozwalający,9,4
retrieve,odzyskać,8,1
surely,pewno,8,1
renaissance,renesans,8,3
harness,uprząż,8,0
inner,wewnętrzny,9,0
corner,kąt,8,0
contradiction,sprzeczność,8,7
disastrously,katastrofalnie,9,2
forbade,zabroniony,8,1
zoning,podział na strefy,8,3
evolutionary,ewolucyjny,8,0
descendants,potomków,8,2
undergrads,studenci,8,0
converge,skupiać,8,6
hunch,przeczucie,8,8
presumptuous,arogancki,8,10
graspable,chwytalny,8,5
soak up,nasiąkać,8,3
increasingly,coraz bardziej,8,1
shockingly,niemożliwie,8,3
astonished,zdziwiony,8,3
scarce,deficytowy,8,6
stupendously,zdumiewająco,9,2
niggling,drobny,8,7
ingrained,zakorzeniony,8,5
puny,małostkowy,8,1
convenience,wygoda,8,4
lame to,kiepski do,8,0
clutter up,bałaganić,8,5
inevitable,nieunikniony,8,3
desirable,pożądany,8,4
inefficient,nieskuteczny,8,0
needless,nieproduktywny,8,2
flattening,spłaszczenie,8,0
broadened,poszerzony,8,0
unbearably,nieznośnie,8,1
irresistible,nieodparty,8,2
immovable,nieruchomy,8,1
unimaginably,niewyobrażalnie,8,1
unbearable,nie do zniesienia,8,1
resemblance,podobieństwo,8,1
barely,ledwie,8,0
reusability,możliwość ponownego wykorzystania,8,5
sustainable,podtrzymywalny,8,7
accrete,narastać,9,0
stupendous,zdumiewający,9,1
pervade,przenikać,9,1
distressingly,przygnębiająco,8,0
inexhaustible,niewyczerpany,8,1
toward,w kierunku,8,0
pervasive,rozpowszechniony,8,6
overcome,pokonać,8,4
brevity,zwięzłość,8,1
fuzzy,zamazany,8,1
flowcharts,schematy blokowe,8,0
align,wyrównywać,8,1
primarily,głównie,8,2
enlightenment,oświecenie,9,3
stretch,rozciągać się,8,1
prone,skłonny,8,0
keenly,gorąco,8,3
leaking,przecieka,8,2
inexorably,nieubłaganie,8,0
thread,wątek,8,0
crutches,kule kalekiego,8,3
habits,zwyczaje,8,2
glued,przyklejony,8,4
immovably,nieruchomo,8,2
emerge,pojawić się,9,5
struggle,borykać się,8,3
formidable,potężny,8,2
pointy - haired,spiczastowłosy,8,2
miraculously,cudownie,8,0
whatsoever,cokolwiek,8,1
assumption,założenie,8,3
hesitation,wahanie,8,0
origins,pochodzenie,8,0
widespread,rozpowszechniony,8,4
coolness,chłód,8,1
refrigerator-sized,wielkości lodówki,8,1
wristwatch,zegarek na rękę,8,1
relevant,istotne,8,2
obsolete,przestarzały,8,5
embodied,wcielony,8,1
converging,zbieżny,8,4
granted,nadany,8,5
entrenched,okopany,8,4
bizarre,dziwaczny,8,3
abbreviation,skrót,8,1
claim,prawo,8,4
fierce,okrutny/gwałtowny,8,7
centripetal,dośrodkowy,8,0
magnify,powiększać,8,0
disposal,sprzedaż,8,10
intrinsic,wewnętrzny,8,5
differential,mechanizm różnicowy,8,0
roughly,mniej więcej,8,3
criterion,kryterium,8,0
appendix,dodatek,8,1
retains,zachowuje,8,1
omit,pomijać,8,2
rivalry,rywalizacja,8,0
Turing- equivalent,ekwiwalent Turinga,8,0
pinches,szczypta,8,2
sculpture,rzeźba,8,3
minority,mniejszość,8,3
external factors,czynniki zewnętrzne,8,0
acknowledging,uznając,8,3
transitive,przechodni,8,4
judged,osądzony,8,2
succinctness,zwięzłość,8,1
extraneous,obcy,8,5
unsavory,niesmaczny,8,3
internal,wewnętrzny,8,2
subvert,obalić,9,6
innards,bebech,8,7
grisly,przerażający,8,5
orthogonal,prostokątny,8,0
raffish,ordynarny,8,2
disapprovingly,nieprzychylnie,8,1
overwhelmed,przytłoczony,8,4
bogged,ugrzęzło,8,2
sterile,jałowy,8,2
daunting,zniechęcające,8,3
readily,łatwo,8,2
bottlenecks,wąskie gardła,8,0
plaintive,żałosny,9,6
tale,opowieść,8,7
perceived,postrzegane,8,4
bloated,nadęty,8,7
heap,kopiec,8,0
persistent,uporczywy,8,6
ingredient,składnik,8,1
considering,wobec,8,4
invents,wymyśla,8,5
exemplified,zilustrowany,8,4
smooth,płynny,8,1
naive,naiwny,8,1
faith,wiara,8,3
outweigh,przeważać kogoś coś,8,5
dare,odważyć się,8,4
deter,powstrzymać,8,6
wise,mądry,8,3
terse,lakoniczny/zwięzły,8,4
blindingly,oślepiająco,8,2
inner loops,wewnętrzne pętle,9,0
retained,zachowane,8,1
deprecated,przestarzałe,8,2
neat,czysty,8,2
surpasses,przewyższa,8,5
benevolently,życzliwie,8,3
lumpy,grudkowaty,8,3
hopelessly,beznadziejnie,8,0
pruned,przycięte,8,2
dispute,spierać się/kwestionować,8,6
mandatory,obowiązkowe,8,1
self-indulgently,pobłażać sobie,8,1
philosophizing,filozofować,9,1
embroidered,haftowane,8,9
insights,spostrzeżenia,8,0
halfway,w połowie drogi,8,0
blurry,rozmazany,8,0
refine,oczyścić,8,5
unsophisticated,niewyszukany,8,2
sailing,żeglarstwo,8,0
meanwhile,tymczasem,8,0
inward-looking,zapatrzony w siebie,8,0
outnumber,przewyższać liczebnie,8,0
diluted,rozcieńczony,8,5
freely,swobodnie,8,1
immediate,natychmiastowy,8,1
explicit measures,wyraźne środki,8,0
impose on,nakładają na,8,0
burden,ciężar,8,2
broken ones,zepsute,8,5
implicit,domniemany,8,10
sovereignty,suwerenność,9,1
fastidiousness,wybredność,8,1
curiosity,ciekawość,8,1
unpardonably,niewybaczalne,8,1
sloppy,niechlujny,8,2
willing,chętny,8,1
labelled,oznaczony,8,1
submarine,łódź podwodna,8,0
virtues,cnoty,8,3
encourage,przekonywać,8,3
reinforces,wzmacnia,8,2
counterintuitive,przeciwny,8,5
surprisingness,zdziwienie,8,1
innate,wrodzony,8,2
shore it up,wzmocnić to,8,0
whereas,"mając na uwadze, że",8,4
gluttons,żarłocy,9,2
vacuum,próżnia,8,5
subversive,wywrotowy,8,4
seek out,szukać,8,1
engage it,zaangażuj to,8,0
indulge it,pobłażać temu,8,0
lead to,prowadzić do,8,0
latter,drugi,8,0
gossip,plotki,8,3
deluded,złudzenie,8,6
bogusness,podróbka,8,3
pomposity,pompatyczność,8,1
damaging,niszczący,8,1
earnest,starający się,8,4
grad,stopień,8,3
afterward,później,8,1
diligent,staranny,8,4
slack,luźny,8,1
conflation,łączenie,8,4
cram,dopchać/faszerować,8,5
ceased,przerwany,8,8
medieval,średniowieczny,8,4
assigned,przydzielony,8,4
sharply-defined,ostro zdefiniowane,8,0
inadvertently,nieumyślnie,8,2
surpassed,przekroczony/przejść,8,7
porous as a colander,dziurkowaty jak durszlak,8,1
overloaded,przeciążony,8,1
tempted,skuszony,8,5
admissions,przyjęć,8,5
freakishly,dziwacznie,8,0
industries,branże,8,2
explicit purpose of,wyraźny cel,8,1
test-prep,przygotowanie do testu,8,0
counsellors,doradcy,8,1
nor claim to be,"ani twierdzić, że jest",8,0
admirable,zachwycający,8,1
admirableness,godny podziwu,8,1
distorts,zniekształca,9,1
alienated,wyobcowany,8,4
subtler,subtelniejszy,8,1
advising,doradzanie,8,7
overcomplicated,zbyt skomplikowane,9,0
yourselves,siebie/osobiście,8,2
promising,obiecujący,8,1
launch,uruchomić,8,0
exposure,narażenie,8,2
astonishment,zdziwienie,8,0
dutifully,posłusznie,8,4
knots,węzły,8,2
attached,przywiązany,8,2
bogus,podrobiony/nieprawdziwy,8,7
bureaucratic,biurokratyczny,8,1
banish,wygnać/pozbyć się,8,6
explicitly,wyraźnie,9,1
neglect,zaniedbanie,8,5
chase down,ścigać,8,6
appealing,pociągający,8,1
imposed,nałożony/narzucić,8,3
inherently,właściwie,8,0
claiming,twierdząc,8,4
executive,wykonawczy,8,0
foresee,przewidywać,8,3
edifice,gmach/budowla,8,6
crumbling down,kruszenie się,8,1
starved,zagłodzony,8,2
influx,napływ,8,2
amazed,zdziwiony,8,0
You either graduate or you don't.,"Albo kończysz szkołę, albo nie.",8,0
wonderful thing,cudowna rzecz,8,0
indeed,rzeczywiście/naprawdę,8,6
ingenious,pomysłowy/sprytny,8,5
arbitrary,samowolny,8,2
tight,obcisły/szczelnie,8,5
raising,wychowywanie,8,6
unrelated,niepowiązane,8,1
in tax,w podatku,8,0
mere,sam/zwykły,8,3
taught to,nauczył się,8,1
distractions,rozpraszacze,8,0
scheduled,zaplanowany,8,1
stretches,odcinki(dlugosc pracy np),8,3
succinct,zwięzły,9,0
partially,w części,8,0
yields,wydajność,8,2
too dense,zbyt gęsty,8,0
spread,rozpowszechnienie,8,6
introductory,wprowadzający/wstępny,8,2
all-encompassing,wszechogarniająca,8,0
thoroughly,dokładnie,8,6
ambiguous,dwuznaczny,8,1
encompass,zawierać,8,0
outweighed,przeważał,9,4
sanctioned,usankcjonowany,8,2
justifiable,uzasadniony/słuszny,8,3
labor of love,praca z miłości,8,0
note-to-self,uwaga do siebie,8,2
unpromising,nie obiecujący,8,1
rebellion,bunt,8,4
behave,zachować się/postępować,8,5
demands of,wymagania,8,4
binges,objadanie się/pijatyka,8,7
plunge,wpaść,8,4
growl,warczeć/burczeć,8,2
whether or not,tak czy owak,8,1
luggage,bagaż,9,2
anyhow,w każdym razie,8,2
pose,poza,8,0
lack of,brak,8,1
impose,narzucać,8,2
tuned,dostrojony,8,6
jotting down,notować,8,1
well-chosen,dobrze dobrany,8,0
bulleted,punktowany,8,0
gist of,istota,8,2
although,chociaż,8,2
catchy,wpada w ucho,9,3
hesitating,wahanie,8,2
half-baked,na wpół upieczony,8,0
handling,obsługiwanie,8,4
pronouns,zaimki,8,1
pivot,oś,8,0
redundancy,nadmierność,8,2
information density,gęstość informacji,8,1
excess,nadmiar,8,3
long-winded,skomplikowany/rozwlekły,8,1
interrogated,przesłuchiwany,8,3
flux,strumień,8,0
assignment,zadanie,8,1
conspicuous,rzucający się w oczy,8,5
ternary,potrójny,8,1
proponents,zwolennicy,8,3
reexecuted,ponownie wykonany,8,1
underneath,pod spodem,8,0
guarantee,gwarancja,8,0
judicious,rozsądny,9,4
blasphemy,bluźnierstwo,8,0
dissect,analizować wnikliwie,8,10
nesting,zagnieżdżanie,8,0
flow of,przebieg,8,2
invoke,odwołać się,8,3
squid,kałamarnica,8,4
donut-shaped,w kształcie pączka,8,0
esophagus,przełyk,8,8
digestible,strawny,8,6
swallow,połknąć,8,2
distribute,rozprowadzać,8,3
abusing,nadużycie,8,1
nugget of truth,ziarnko prawdy,8,2
newer,nowsza,8,0
nonexclusive,niewyłączny,8,2
slip by,przemijać,8,3
altogether,całkowicie,8,3
bundle,pakiet,8,3
standalone,samodzielny,8,1
resulting,wynikły,8,2
guaranteed,gwarantowane,9,0
broad,szeroki,8,0
sophomores,studenci drugiego roku,8,1
foreground,pierwszoplanowy,8,0
quantitative,ilościowy,8,0
aid,wspomaganie,8,8
alongside,wzdłuż,8,0
composed,opanowany,8,1
shorthand,stenografia,8,2
property,własność,8,0
arrangement,układ,9,3
descendant,potomek,8,1
ancestors,przodkowie,8,3
compound,pogarszać,8,7
appearance,wygląd zewnętrzny,8,2
hovering,unosić się,8,1
snipped,obcięty,8,9
hands-on,praktyczny,8,2
spin up,zakręcić,8,1
endorsed by,zatwierdzony przez,8,0
wholesome,zdrowy,8,6
at all,w ogóle,8,0
wasnaking,łaził,9,7
toppings,nadzienie,8,2
dough,ciasto,8,0
hinges,zawiasy,8,3
contribute,brać w czymś udział,8,5
management's,kierownictwo,8,0
employees,pracowników,8,0
entrance,wejście,8,1
splitter,rozdzielacz,8,3
exhibitors,wystawców,8,2
booth,budka/stragan,8,1
regimental,pułkowy,8,4
whole,cały,8,3
as right now,tak jak teraz,8,0
plumbing,instalacja wodociągowa,9,2
insightful,wnikliwy,9,4
insights overview,przegląd spostrzeżeń,8,0
to proceed,kontynuować,8,1
wizardry,czary,8,2
quick buck,szybkie złotówki,8,2
condensed,skondensowany,8,1
not in a hurry,nie w pośpiechu,8,1
tremendous,ogromny,8,2
vaccinated,zaszczepiony,8,2
in applied,w zastosowanym,8,1
foreign,zagraniczny,8,1
foreigners authority,Urząd ds. Cudzoziemców,8,0
foreigners,obcokrajowcy,8,0
awareness,świadomość,8,7
so hip,tak modnie,8,0
fumble around,grzebać w okolicy,8,0
nut,"niemądry, głupi, dziwny",8,2
features,cechy,8,1
governance,zarządzanie,8,1
lineage,rodowód,8,3
pipelines,rurociągi,8,0
loosely coupled,luźno powiązane,8,0
ingestion of,spożycie,8,10
peaks of,"najwyższa, najsilniejsza wartość",8,6
stall,stoisko,8,3
ingest,łykać/przyjąć pokarm,8,4
batch,seria,8,3
ingesting,połykanie,8,2
tedious process,żmudny proces,8,0
sassiness,bezczelność,8,4
thickens,gęstnieje,8,2
blemish,skaza,8,1
track of,ślad,8,2
branch-based,oddziałowy,8,5
deployable,do rozmieszczenia,8,7
associated with,związany z,8,1
head in,wejść do środka,8,0
head injury,uraz głowy,8,3
especially,zwłaszcza,8,0
once,pewnego razu,8,1
guidelines,wytyczne,8,2
embed links,umieszczać linki,8,0
deploy,wdrożyć,8,3
deployment,rozlokowanie,8,3
self-reliance,samodzielność,8,0
down the drain,praca/kasa się zmarnuje,8,1
prominent,znaczący,8,3
prominent features,wybitne cechy,8,2
sync meeting,zsynchronizuj spotkanie,8,0
startup guide,technologie,8,0
optic fiber,światłowód,8,1
penalties,kary,8,3
compliance,zgodność,8,3
on-demand,na żądanie,8,1
pricing,cennik,8,1
pros and cons,plusy i minusy,8,0
veracity,prawdziwość,8,2
fulfill,spełnić,8,1
queries regarding,zapytania dotyczące,8,0
periodically,cyklicznie,9,4
detach from,odłączyć się od,8,0
to shed,rzucić,8,5
woven,tkane,8,2
cornerstones,kamienie węgielne,8,1
payload,ładunek,8,3
versatile,wszechstronny,8,6
misfires,niewypały,8,1
invaluable,nieoceniony,8,3
insight,wgląd,8,2
consists of,składać się z,8,0
successors,następcy,8,1
declarative,deklaracyjny,8,0
traversable,przejezdny,9,2
warehouses,magazyny,8,2
day in and day out,dzień w dzień,8,0
viable approach,realne podejście,8,0
sleeve,rękaw,8,2
hourly,cogodzinny,8,0
glance,zerknąć,8,2
timeboxed,ograniczone czasowo,8,1
skyscraper,wieżowiec/drapacz chmur,8,0
preface,przedmowa,8,1
is a catch,jest haczyk,9,0
exhaustive,wyczerpujący,8,0
proficient,biegły,8,6
reinventing,wymyślanie na nowo,8,3
reinventing the wheel,wymyślanie koła na nowo,8,0
scattered,rozsiany,8,0
admired for,podziwiany za,8,0
reordering,zmiana kolejności,8,1
hands-on approach,praktyczne podejście,8,0
accomplish,osiągać,8,6
accomplished,znakomity/utalentowany,8,4
soapbox,mydelniczka,8,1
lingo,żargon,8,4
oddity,kuriozum,8,10
iceberg,góra lodowa,8,0
invocation,wezwanie,8,4
suitable,odpowiedni,8,1
fidgety,niespokojny,9,5
bouts of,ataki,8,5
treadmill,bieżnia,8,2
peripheral,peryferyjny,8,0
accelerated,przyśpieszony,8,1
ambient noise,dźwięk szumu,8,0
spades,pik,9,3
violating encapsulation,naruszenie hermetyzacji,9,0
implicit bias,niejawna stronniczość,8,0
implicit cost,ukryte koszta,8,1
than invoking them explicitly,niż przywoływanie ich wprost,8,0
arbitrary constant,dowolna stała,9,2
obtainable,osiągalny,8,2
contributions,składki,8,6
ensure,zapewnić,8,1
ensure that,"upewnij się, że",8,0
act to,"działać, aby",8,0
tidbits,smakołyki,8,3
unattainable,nieosiągalny/niedostępny,8,3
succinctly,treściwie,8,4
reiterate,powtarzać,8,5
unambiguous,niedwuznaczny,9,0
consistently,konsekwentnie,8,0
context management,zarządzanie kontekstem,8,0
unary,jednoargumentowy,8,10
augmented reality,rozszerzona rzeczywistość,8,0
fallbacks,awaryjne,8,0
practicality beats purity,praktyczność bije czystość,8,0
inclined,skłonny,8,1
ancestor,przodek,8,3
multidimensional,wielowymiarowy,8,0
enhancements,ulepszenia,8,1
relevant to identity,istotne dla tożsamości,8,0
depicted in,przedstawiony w,8,1
underused,niedostatecznie wykorzystany,8,3
as well,także,8,3
as well as,jak również,8,2
its intent is explicit,jego intencja jest wyraźna,8,0
incomprehensible,niezrozumiały,8,2
clobbered,ociężały,8,0
contortions of,wykrzywienia,8,8
beyond,poza,8,1
beyond that,ponadto,8,4
to compute,"wyliczyć, określić, skalkulować",8,0
cartesian,kartezjański,8,0
one-trick pony,ktoś dobry w pewnej ściśle określonej czynności,8,0
enclosing parenthesis,nawias zamykający,8,0
roster of,lista,8,4
arrangements,przygotowania,8,3
assumin,zarozumiały,9,4
assuming that,"przy założeniu, że",8,0
double-duty,podwójny obowiązek,8,0
overlooked it,przeoczyłem to,8,2
quantity shortage,brak ilości,8,5
vital,niezbędny,8,3
latitude,szerokość,8,1
longitude,długość geograficzna,8,0
dummy variable,fikcyjna zmienna,8,1
statement,komunikat,8,0
statement of account,wyciąg z konta,8,1
parallel assignment,przypisanie równoległe,8,0
removal,usuwanie,8,0
removalist,przeprowadzka,8,5
invented by,wynalezione przez,9,2
enhanced protection,zwiększona ochrona,8,0
enhanced with,wzbogacony o,9,1
per-instance,na instancję,8,1
in contrast,w przeciwieństwie,8,1
hourly rate,stawka godzinowa,8,0
instantiate,instancja,9,2
instantiated,skonkretyzowane,8,3
immutable world,niezmienny świat,8,0
omitted for,pominięte dla,8,0
quality,jakość,8,0
quality control,kontrola jakości,8,0
turn to,zabierać się do dzieła,8,7
exclude,wykluczać,8,4
excluded from,wyłączone z,8,0
zero-based,od zera,8,0
overlapping,nakładanie się,8,2
overlapping chatter,nakładające się rozmowy,8,0
overlapping action,nakładające się działanie,9,2
split at,podzielić w,8,0
by the Dutch,przez Holendrów,8,0
stride,dłuższy krok,8,5
duration,czas trwania,8,3
exceptionalism,wyjątkowość,8,3
exceptional,wyjątkowy,8,0
end to end,koniec końców,8,0
unsupervised,bez nadzoru,8,0
cerebral cortex,kora mózgowa,9,2
revived,wskrzeszony,8,7
fraudulent,oszukańczy,8,8
favors performance,sprzyja wydajności,8,4
favors for me,przysługi dla mnie,8,1
favors the bold,sprzyja odważnym,8,1
prerequisites,warunki wstępne,8,4
toolbox,przybornik,8,0
cross-validation,walidacja krzyżowa,8,0
ensembles,zespoły,8,5
feedforward,sprzężenie do przodu,8,2
convolutional,konwolucyjny,8,2
deep waters,głębokie wody,8,1
hastily,pochopnie,8,2
landscape,krajobraz,9,1
a dependable butler,niezawodny lokaj,8,3
self-aware,samoświadomy,8,0
seldom,rzadko,8,2
landmarks,punkty orientacyjne,8,3
fine-tune,dostroić,8,3
reveal,ujawnić,8,0
thereby,a tym samym,8,1
thereby creating,tworząc w ten sposób,8,1
thereby increasing,tym samym zwiększając,8,0
fine-tuning,strojenie,8,7
fluctuating environments,zmienne otoczenie,8,2
can tackle them,może się z nimi uporać,9,2
detecting tumors in brain scans,wykrywanie guzów w skanach mózgu,8,0
reinforcement,wzmocnienie,8,1
tackle,przybory,8,3
supervised,nadzorowane,8,3
supervised by,nadzorowany przez,8,2
interchangeably,zamiennie,8,6
novelty,nowość,8,1
novelty booths,stoiska nowości,8,0
embedding,osadzanie,8,3
prevent fraud,zapobiegać oszustwom,8,1
penalties shoot,strzelanie karne,8,2
penalties of perjury,kary za krzywoprzysięstwo,8,0
incrementally,przyrostowo,8,0
out-of-core,poza rdzeniem,8,1
conversely,odwrotnie,8,0
will gradually decline,będzie stopniowo spadać,9,0
whet,naostrzyć,8,6
merger,połączenie,8,2
merge,łączyć,8,0
mergers,fuzje,8,2
firsthand account,konto z pierwszej ręki,8,0
prevent,zapobiegać,8,5
toddler,brzdąc,9,0
toddlerhood,dzieciństwo,8,0
toddlers,małe dzieci,8,2
possibly yes,prawdopodobnie tak,9,0
possible causes,możliwe przyczyny,8,0
disambiguation,ujednoznacznienie,8,1
importance of data,znaczenie danych,8,1
reconsider,zrewidować,8,1
reconsidering,ponowne rozważenie,8,2
abandon,opuścić,8,9
moderately,miernie,8,3
moderately active,umiarkowanie aktywny,8,0
flawed,wadliwy,8,5
flawed still worthy,wadliwy nadal godny,8,0
were polled,byli ankietowani,9,2
to be biased,być stronniczym,8,0
irrelevant,bez znaczenia,8,1
feature engineering,inżynieria funkcji,8,0
rips you off,zdziera z ciebie,8,0
constraining,krępowanie,8,8
holdout,trzymać się,8,0
estimate of,oszacowanie,8,1
drawback,wada,8,2
superfluous,zbędny,8,4
superfluous highness,zbędna wysokość,8,2
assumptions,założenia,8,5
common,pospolity,8,6
common sense,zdrowy rozsądek,8,1
relies on,polega na,8,0
relies heavily,opiera się głównie,8,0
estimate,oszacować,8,0
conduct,"przeprowadzić, kierownictwo",8,1
very rigid,bardzo sztywna,8,2
prior,wcześniejszy,8,2
predetermined,określony z góry,8,2
agile,zręczny,9,2
agilent,sprawny,8,2
savvy,rozumieć,8,1
savvy and safe,sprytny i bezpieczny,8,0
savvy consumer,bystry konsument,8,0
charge over,przeładować,8,2
lean,pochylać się,8,2
confused with,mylić z,8,1
burnout,wypalić się,8,0
census,spis ludności,8,9
affordable,niedrogie,8,5
workarounds,obejścia,8,3
manageable,do opanowania,8,4
intact,nienaruszony,8,5
discretize,dyskretyzować,8,2
ensemble,razem,9,6
self explanatory,nie wymaga wyjaśnień,8,7
tweaking it,poprawianie tego,8,3
spits out,wypluwa,8,3
to grasp,do uchwycenia,8,1
robust,solidny,8,6
neglects,zaniedbuje,8,3
a bell-shaped,w kształcie dzwonu,8,0
don't hesitate to,nie wahaj się,8,1
spread across,rozłożone,8,4
to fetch,przynosić,8,5
dispersed,rozproszony,8,3
households,Gospodarstwa domowe,8,4
capped,ograniczona,8,1
tail-heavy,ciężki ogon,8,0
glance at,zerknąć na,8,1
stumble upon,natknąć się,8,3
seemingly,pozornie,8,4
split,podział,8,1
remain,pozostawać,8,0
other than to be the,inne niż być,8,0
provides,zapewnia,9,0
survey,ankieta,8,0
stratified,warstwowy,8,2
stratum,warstwa,8,5
coarse,gruboziarnisty,8,5
clustered,zgrupowany,8,1
density of,gęstość,8,2
coastline,linia brzegowa,8,1
reveals,ujawnia,9,0
price cap,limit ceny,8,0
data quirks,dziwactwa danych,8,0
instead of using,zamiast używać,8,0
utility function,funkcja użyteczności,8,0
be to fiddle,być na skrzypcach,8,0
fine-grained,drobnoziarnisty,8,2
rid of,pozbyć się,8,1
temptation,pokusa,8,4
inferred from,wywnioskowane z,8,0
raters,oceniający,8,1
surveys,ankiety,8,2
drifts too far,dryfuje za daleko,8,0
well stock,dobrze zapas,8,2
suddenly,nagle,8,2
at least,przynajmniej,8,3
diversity,różnorodność,8,3
consistency,spójność,8,2
be fetched,być sprowadzonym,8,1
neither of them,żadne z nich,8,1
outer list,lista zewnętrzna,8,0
reveals that,"ujawnia, że",9,0
augmented,powiększony,8,2
bound to,przywiązany do,8,1
intriguing,intrygancki,8,0
aware of that,zdaję sobie z tego sprawę,8,0
succeeds,odnosi sukces,8,1
witnessing,świadczyć,8,3
witnessing that,być świadkiem tego,8,0
subtleties,subtelności,8,0
subtleties and intricacies,subtelności i zawiłości,8,0
remind us,przypomnij nam,8,1
entails,pociąga za sobą,8,5
disappear,znikać,8,2
sunk on,zatopiony,8,2
perished,zginął,8,4
nevertheless however,niemniej jednak,8,1
regardless of,niezależnie od tego,8,2
embarked,zaokrętowany,8,2
fare,opłata,8,3
parch,spiec,8,4
siblings,rodzeństwo,8,0
to be exact,to be exact,8,0
to examine its contents,zbadać jego zawartość,8,0
abbreviated form,skrócona forma,8,0
fancier than,bardziej wyrafinowany niż,8,0
shortcoming,niedociągnięcie,8,3
splits,dzieli,8,2
splits up,dzieli się,8,2
arise from,wynikają z,8,0
arise,powstać,8,0
spread out,rozrzucić,8,0
circular arrows,okrągłe strzałki,8,0
discontinuity,nieciągłość,8,1
within a week,w ciągu tygodnia,8,0
within you,bez ciebie,8,0
don't curate,nie wikary,8,3
gut,jelito,8,2
skim,przejrzeć,8,2
skimming scanning,skanowanie szumów,8,0
deserve it,zasługujesz na to,8,0
is immense,jest ogromny,8,1
swept away,zmieciony,9,3
ruthless,bezwzględny,8,2
along with,wraz z,8,0
running tally,bieganie zliczanie,8,3
marks out,"zaznacza, wyróżnia",8,0
digest,strawić,8,1
sticks out,wystaje,8,3
an elevator pitch,boisko do windy,9,0
elevator pitch,krótkie wytłumaczenie,8,2
urgent tasks,pilne zadania,8,0
deliberate,celowy,8,1
voracious,nienasycony,8,3
voracious reader,żarłoczny czytelnik,8,1
set a due,ustaw termin,8,0
capturing spurious,przechwytywanie fałszywych,8,0
is likely,jest prawdopodobne,8,2
coercible,przymusowy,8,3
just concluded,właśnie zakończyłeś,8,0
a needle in a haystack,igła w stogu siana,8,0
cereals porridge,płatki zbożowe,8,2
richness,bogactwo,8,0
domain,"domena, dziedzina",8,0
unit variance,wariancja jednostek,8,0
importance,znaczenie,8,1
utilized by,wykorzystywane przez,8,0
utilized to,wykorzystywane do,9,1
feasible to,możliwe do,8,0
cumbersome,nieporęczny,8,4
cumbersome process,uciążliwy proces,8,1
seasonal effect,efekt sezonowy,8,0
streamline,opływowy,8,2
streamlined,usprawniony,8,3
coverage expired,ochrona wygasła,8,0
pinpointed,wycelowany,8,0
key takeaway,zabrany klucz,9,0
topmost,najwyższy,8,1
marked over,zaznaczone nad,8,0
derive insights,czerpać spostrzeżenia,8,0
distribution,"rozkład, podział",8,0
survivors,ocaleni,8,0
preceding,poprzedzający,8,1
preliminary,wstępny,8,2
respectively,odpowiednio,8,1
majority of,większość,8,1
majority of people,większość ludzi,8,0
lifeboats,łodzie ratunkowe,8,0
the least,najmniej,8,1
relatives,krewni,8,3
relatives house,dom krewnych,8,0
relatives and friends,krewni i przyjaciele,8,0
even though,nawet jeśli,8,1
even though i,pomimo że ja,8,2
it primarily,to przede wszystkim,8,1
filtered out,odfiltrowane,8,1
among the,spośród,8,2
among them,pomiędzy nimi,8,0
systematic manner,systematycznie,8,2
code bundle,pakiet kodu,8,1
solving common,rozwiązywanie wspólnych,8,0
trade-offs,kompromisy,8,4
how to tune them,jak je nastroić,9,0
doesn’t delve at all,w ogóle się nie zagłębia,8,1
bore,nudziarz,8,0
impute,przypisać,9,3
corrplot,skorumpować,8,1
differ across,różnią się w poprzek,8,1
unintelligible,niezrozumiały,8,1
applied in,stosowane w,8,0
regex,wyrażenie regularne,8,2
intricate,zawiły,8,0
keep it,zatrzymaj to,8,0
spot-check,kontrola wyrywkowa,8,3
interpolating,interpolacja,8,0
tend to not provide,zwykle nie zapewniają,8,0
pairwise,parami,8,4
covariance,kowariancja,8,2
can spoil our,może zepsuć nasze,8,0
find a robust,znajdź solidny,8,1
performance of ,wydajność,8,2
plateau,płaskowyż,8,1
explicit,wyraźny,8,1
humbled,upokorzony,8,0
exhilarated,podekscytowany,8,3
vibrant,wibrujący,8,1
struggled with,zmagał się z,9,0
light-hearted,beztroski,8,4
blast,podmuch,9,2
humble,pokorny,8,1
unimpressed,rozczarowany,8,0
indomitable,nieposkromiony,8,1
indomitable courage,niezłomna odwaga,8,0
indomitable will,niezłomna wola,8,2
garrison,"garnizon, załoga",8,1
echo chambers,komory echa,8,1
fortified,warowny,8,1
good ol' days,stare dobre dni,8,0
misadventures,nieszczęścia,8,0
wised up,mądry,8,3
thereafter,odtąd,8,2
wastelands,nieużytki,8,2
mesh,siatka,8,1
irresponsible,nieodpowiedzialny,8,0
irresponsible behavior,nieodpowiedzialne zachowanie,8,0
newly-christened,nowo ochrzczony,8,1
eternal,wieczny,8,1
eternal love,wieczna miłość,8,0
foe,wróg,8,2
rendition,wykonanie,9,1
sacrificing,poświęcenie,8,0
modicum of,odrobina,8,4
frail mortal coil,słaba śmiertelna cewka,9,1
nonetheless,niemniej jednak,8,0
wankers,frajerzy,8,1
grassroots level,poziom podstawowy,8,2
the pile,słup,8,1
sort of mound,rodzaj kopca,8,3
stingy,skąpy,8,1
stingy people,skąpi ludzie,8,0
cursory glance,pobieżne spojrzenie,8,0
abject,nikczemny,8,2
cross-domain,międzydomenowy,9,3
smoothly as,płynnie jak,8,0
announce,ogłaszać,9,0
pledged to,zobowiązał się do,8,0
torment of,udręka,8,4
distill,destylować,8,0
feasible,wykonalny,8,3
feasible solution,wykonalne rozwiązanie,8,0
wrapped up,opakowane,8,0
promptly and firmly,szybko i stanowczo,8,0
fine tune,dostroić,8,4
inference,wnioskowanie,8,2
quaint,osobliwy,8,2
gotten up,wstać,8,3
gotten,dostał,8,0
gotten over,się skończyło,8,2
spare time,wolny czas,8,0
integrating skills,umiejętności integracyjne,8,0
spin it,zakręć tym,8,0
spin it out,odkręć to,8,0
revival of,odrodzenie,8,6
underutilized,niewykorzystany,8,0
astonishing,zadziwiający,8,1
whodunit,kryminał,8,1
vastly,bardzo,8,3
hooked up,podłączony,8,4
ignition,zapłon,8,3
not bode well,nie wróży dobrze,8,0
swathes of,pokosy,8,4
entities,podmioty,8,0
downplay,bagatelizować,8,5
discourage,zniechęcać,8,1
probing,sondowanie,8,2
self-supervised,samonadzorowany,8,0
astounding,zdumiewający,8,0
silliest ideas,najgłupsze pomysły,8,0
PhD Student,doktorant,8,0
rag-tag,niezorganizowany,8,2
from afar,z daleka,9,0
courtesy of,dzięki uprzejmości,8,3
vastly different,ogromnie inny,8,0
maintainer of sanity,opiekun zdrowia psychicznego,8,3
lurkers,czający się,8,1
frenetic pace,szalone tempo,8,1
credentials,referencje,8,1
involvement in,zaangażowanie w,8,0
flaneur,ktoś kto ogląda jak ktoś coś robi,8,6
thrillingly,emocjonująco,8,3
despise,pogardzać,8,1
surreal,surrealistyczne,8,2
bemusing,oszałamiający,8,2
cast of interlocutors,obsada rozmówców,9,0
overstate,zawyżać,8,2
alignment,wyrównanie,8,0
disempowerment,ubezwłasnowolnienie,9,2
hindsight,celownik,8,3
newly,nowo,8,0
convolutional neural network,splotowa sieć neuronowa,8,1
variational,wariacja,8,0
to extract,wydobywać,8,0
gated recurrent unit,bramkowana jednostka nawrotowa,9,0
autonomous vehicles,pojazdy autonomiczne,8,0
well-versed,dobrze zorientowany,9,0
 is assumed,zakłada się,8,1
gradient descent variations,wariacje zejścia gradientowego,8,0
bidirectional,dwukierunkowy,8,0
improve upon deep,poprawić się na głębokości,8,1
in menus,w menu,8,0
underpinnings,podstawy,8,3
the nuts and bolts,nakrętki i śruby,8,0
intricacies of,zawiłości,8,3
cornerstone,kamień węgielny,8,0
special entity,podmiot specjalny,8,0
underscore,podkreślać,8,1
branches related to,branże związane z,8,0
denoted by,oznaczony przez,8,0
purposes of,cele,8,3
indicates,wskazuje,8,0
contemporary,współczesny,8,1
relevant to,istotne dla,9,3
product of vectors,iloczyn wektorów,8,0
cosine similarity,cosinus podobieństwa,8,0
perpendicular,prostopadły,8,0
has to satisfy,musi spełniać,8,1
additivity,addytywność,8,1
homogeneity,jednorodność,8,0
element-wise addition,dodawanie elementów,8,0
non-commutative operation,operacja nieprzemienna,8,0
thought through,przemyślane,8,1
of each trial,każdej próby,8,0
are known in advance,są znane z góry,8,0
coin toss,rzut monetą,9,0
dice throw,rzut kostką,8,0
occur,zdarzać się,8,0
so on,wkrótce,8,4
gibberish,"szwargot, żargon",8,0
latency of,opóźnienie,8,1
biased,stronniczy,8,0
let's assume,załóżmy,9,1
conditional probability,warunkowe prawdopodobieństwo,8,0
joint probability ,wspólne prawdopodobieństwo,8,0
marginal probability,marginalne prawdopodobieństwo,8,0
occurrence,występowanie,9,1
we'll denote,będziemy oznaczać,8,1
satisfies,spełnia,8,0
albeit,aczkolwiek,8,1
exponent,wykładnik,8,0
attempts to,próbuje,8,2
reciprocity,wzajemność,8,0
prevalent,rozpowszechniony,8,2
approximate,przybliżony,8,0
itself,samo,8,0
itselfs,sama w sobie,8,0
 bird's-eye view,widok z lotu ptaka,8,0
perpendicularly,pionowo,8,1
multivariate,wielowymiarowy,8,0
convey,przekazywać,8,2
to bad-mouth someone,wieszać psy na kimś,8,0
prerequisite,warunek wstępny,8,3
prerequisite knowledge,wymagana wiedza,8,0
read off,odczytać,8,2
this particular,to szczególnie,8,0
malignant,złośliwy,8,0
harmful,szkodliwy,8,2
upward,w górę,8,0
denote,oznaczać,8,0
whether,czy,8,1
benign,łagodny,8,2
remarkably,wybitnie,8,2
persuade,namówić,8,0
dive in,nurkować w,8,0
figure out,rozwiązać,8,1
narrowly,wąsko,8,0
slash,ciąć,8,0
bleeding edge,krwawiąca krawędź,8,0
obstacles,przeszkody,8,1
stunts,akrobacje,8,2
subsequent,kolejny,8,2
miserable,nieszczęśliwy,8,0
emerges from,wyłania się z,8,0
superscript parentheses,nawiasy w indeksie górnym,8,0
manage,radzić sobie,8,3
lower hill,niższe wzgórze,8,0
steepest descent,najbardziej strome zejście,8,0
rarely used,rzadko używane,8,1
turns out that,"okazuje się, że",8,0
contours,kontury,8,0
whereby,w wyniku czego,8,4
run past,przebiec obok,8,0
turn out,okazać się,9,0
substract,odjąć,8,3
so hence,więc stąd,8,2
sum it up,podsumowując,8,0
instead of,zamiast,8,1
convergent,zbieżny,8,1
grace,jakość płynnego poruszania,8,5
no harm trying,nie zaszkodzi próbować,9,1
drag down,zmniejszyć ilość,8,1
fiddle with it,bawić się tym,8,0
prohibit-prohibitively,zabronić-nielegalnie,8,1
prohibitive,za drogie,8,3
flavour,coś szczególnego,8,0
following,następująca,8,1
roughly of,z grubsza,8,0
remain ,zostać w tym samym miejscu,8,2
broad arc,szeroki łuk,8,0
alluding to,nawiązując do,8,0
cloudy day,pochmurny dzień,8,0
first thing first,ważne rzeczy idą pierwsze,8,0
fly off the handle,wpadać we wściekłość,8,1
follow in someone's footsteps,podążać czyimś śladem,9,0
for good,na zawsze,8,0
for the time being,na ten czas,8,0
frame of mind,nastrój,8,1
get carried away,być podekscytowanym na coś,8,0
have a ball,mieć dobry czas,8,0
go with the flow,prowadzić spokojne życie,8,0
merciless,bezlitosny,8,2
keep someone posted,poinformowanie kogoś,8,0
ill at ease,niekomfortowo,9,4
have one's hand full,być bardzo zajętym,8,1
a suite of,powiązane ze sobą,8,0
shallow field,mniejszy zakres skupienia na,8,0
approach that you,podejść do ciebie,8,0
appreciation,uznanie,8,1
appreciation ,zrozumienie czegoś ważnego,8,2
opaque,trudne w zrozumieniu,8,1
off-the-shelf,dostępny od ręki,8,0
get more out of,wyciągnij więcej z,8,0
developed for learning purposes,opracowany do celów edukacyjnych,8,0
clearly lays out,jasno określa,8,0
the latter approach,drugie podejście,8,0
more robust,bardziej wytrzymałe,9,0
reinforce,wzmacniać,8,0
internally,wewnętrznie,8,0
myriad of,niezliczona ilość,8,0
comprised of,składa się z,8,0
 onset of diabetes,początek cukrzycy,8,0
 iris flower species,gatunki kwiatów irysa,8,0
approximately,około,8,0
taking a peek,rzucić okiem,9,2
hold the outcome,trzymaj wynik,8,2
downstream,używane do opisania czegoś potem,8,1
denominator,mianownik,8,0
meter,licznik,8,0
always on the go,zawsze w biegu,8,0
apples-to-apples,używane kiedy dwie rzeczy są inne,8,1
assessment,oszacowanie,9,0
roughly ,w przybliżeniu,8,0
remainder,reszta,8,0
downside of,minusem,8,0
is fixed at,jest ustalona na,8,0
established,przyjęty,8,2
variance,zmienność,8,1
richly,bogato,8,0
rewarded,wynagrodzony,9,2
quest for,poszukiwanie,8,0
attendance on,frekwencja na,8,0
additional review,dodatkowa recenzja,8,0
laid out,rozłożony,8,1
breakthroughs,przełomy,8,1
tenacity,wytrwałość,8,1
tenacious,wytrwały,8,1
sensible baseline,rozsądna linia bazowa,8,0
insurance,ubezpieczenie,8,0
awareness factor of,współczynnik świadomości,8,0
laborer,laborer,8,0
affordability,przystępność,8,0
dense layer,gęsta warstwa,8,0
threshold,próg,8,1
impurity,zanieczyszczenie,8,0
uncertainty,niepewność,8,0
quantify,określić ilościowo,8,0
traverses,podróż przez,8,0
backtrack,wracać,8,0
greedy search,chciwe wyszukiwanie,8,0
dentist,dentysta,9,0
made me,uczynił mnie,8,0
it didn't stop,to się nie skończyło,8,0
miserably,marnie,8,1
tie all this,tie all this,8,0
star-struck,"wdzięczny, okazanie szacunku komuś",8,0
foreshadowing,foreshadowing,8,0
variety,różnorodność,8,0
parlance,mowa,8,1
perhaps,być może,8,0
jagged,szczerbaty,9,2
rectangular,prostokątny,8,0
vast majority,zdecydowana większość,8,0
entirely,całkowicie,8,0
overall rating,ogólna ocena,8,0
elementwise,żywiołowo,8,1
endless,nieskończony,8,0
